"SampleID","Sample_Date","CT_H1","CT_H3","CT_INFA","CT_INFB","Triplex-InfA_CT","Triplex-InfB_CT","CT_RSVA","CT_RSVB","Triplex-SC2_CT"
"252506977","2025-05-16","","","","","","","","",""
"252507139","2025-05-21","","","","","","","","",""
"252508077","2025-07-08","","","","","","","","",""
"252508299","2025-07-24","11.39","","","","","","","",""
"252508538","2025-08-02","","","","","","","","",""
"252508647","2025-08-06","","","","","","","","",""
"252508677","2025-08-06","","","","","","","","",""
"252508705","2025-08-09","","","","","","","","",""
"252508765","2025-08-14","","","","","","","","",""
"252508771","2025-08-14","","","","","","","","",""
"252508826","2025-08-19","","","","","","","","",""
"252508841","2025-08-18","","","","","","","","",""
"252508872","2025-08-25","18.60","","","","","","","",""
"252508957","2025-08-25","23.83","","","","","","","",""
"252508958","2025-08-26","20.30","","","","","","","",""
"252509021","2025-08-26","21.60","","","","","","","",""
"252509025","2025-08-28","","","","","","","","",""
"252509026","2025-08-28","","27.46","","","","","","",""
"252509033","2025-08-28","","15.47","","","","","","",""
"252509034","2025-08-27","","","","","","","","",""
"252509048","2025-08-27","","17.65","","","","","","",""
"252509049","2025-08-29","","","","","","","","",""
"252509106","2025-09-01","23.66","","","","","","","",""
"252509107","2025-08-28","22.04","","","","","","","",""
"252509108","2025-08-28","22.52","","","","","","","",""
"252509109","2025-08-27","21.25","","","","","","","",""
"252509110","2025-08-28","","23.75","","","","","","",""
"252509111","2025-08-27","19.62","","","","","","","",""
"252509112","2025-09-01","22.12","","","","","","","",""
"252509119","2025-08-13","","","","23.50","","","","",""
"252509134","2025-08-29","","15.08","","","","","","",""
"252509135","2025-09-02","17.11","","","","","","","",""
"252509151","2025-09-02","","14.13","","","","","","",""
"252509153","2025-09-02","","","","27.34","","","","",""
"252509154","2025-09-02","","21.35","","","","","","",""
"252509165","2025-08-28","19.07","","","","","","","",""
"252509166","2025-08-29","","17.05","","","","","","",""
"252509171","2025-09-02","18.38","","","","","","","",""
"252509173","2025-09-01","","","","","","","","",""
"252509180","2025-09-03","25.07","","","","","","","",""
"252509181","2025-09-01","24.28","","","","","","","",""
"252509207","2025-08-28","","16.34","","","","","","",""
"252509211","2025-09-03","","14.70","","","","","","",""
"252509212","2025-09-06","23.26","","","","","","","",""
"252509226","2025-09-03","","","","","","","","",""
"252509227","2025-09-03","","18.37","","","","","","",""
"252509228","2025-09-03","17.56","","","","","","","",""
"252509229","2025-09-04","","","","","","","","",""
"252509230","2025-09-03","24.91","","","","","","","",""
"252509231","2025-09-04","25.85","","","","","","","",""
"252509257","2025-09-01","","19.14","","","","","","",""
"252509258","2025-09-03","17.42","","","","","","","",""
"252509259","2025-09-04","22.66","","","","","","","",""
"252509260","2025-09-05","27.90","","","","","","","",""
"252509264","2025-09-02","17.87","","","","","","","",""
"252509272","2025-09-01","14.24","","","","","","","",""
"252509280","2025-09-04","19.78","","","","","","","",""
"252509285","2025-09-02","","18.58","","","","","","",""
"252509286","2025-09-02","","25.52","","","","","","",""
"252509309","2025-09-03","","17.01","","","","","","",""
"252509312","2025-08-27","27.32","","","","","","","",""
"252509313","2025-09-02","","14.10","","","","","","",""
"252509337","2025-09-06","","18.93","","","","","","",""
"252509339","2025-09-04","","21.38","","","","","","",""
"252509343","2025-09-05","","18.17","","","","","","",""
"252509354","2025-09-11","","19.15","","","","","","",""
"252509355","2025-09-12","16.86","","","","","","","",""
"252509362","2025-09-11","","","","","","","","",""
"252509364","2025-09-07","20.24","","","","","","","",""
"252509373","2025-09-09","22.77","","","","","","","",""
"252509386","2025-09-07","20.58","","","","","","","",""
"252509387","2025-09-09","","","","","","","","",""
"252509388","2025-09-12","17.05","","","","","","","",""
"252509424","2025-09-05","16.95","","","","","","","",""
"252509425","2025-09-12","21.05","","","","","","","",""
"252509426","2025-09-08","20.64","","","","","","","",""
"252509427","2025-09-12","","19.48","","","","","","",""
"252509429","2025-09-10","","","","","","","","",""
"252509430","2025-09-11","","24.93","","","","","","",""
"252509431","2025-09-11","","13.91","","","","","","",""
"252509433","2025-09-09","21.37","","","","","","","",""
"252509437","2025-09-14","20.37","","","","","","","",""
"252509454","2025-09-14","21.49","","","","","","","",""
"252509458","2025-09-09","","","","","","","","",""
"252509459","2025-09-08","22.09","","","","","","","",""
"252509460","2025-09-10","","20.28","","","","","","",""
"252509461","2025-09-10","","18.90","","","","","","",""
"252509477","2025-09-08","","","","","","","","",""
"252509483","2025-09-12","","15.60","","","","","","",""
"252509495","2025-09-16","","21.95","","","","","","",""
"252509500","2025-09-11","19.99","","","","","","","",""
"252509516","2025-09-16","","","","","","","","",""
"252509517","2025-09-15","","16.63","","","","","","",""
"252509521","2025-09-17","17.41","","","","","","","",""
"252509522","2025-09-11","20.51","","","","","","","",""
"252509523","2025-09-12","16.48","","","","","","","",""
"252509525","2025-09-17","24.88","","","","","","","",""
"252509528","2025-09-12","22.67","","","","","","","",""
"252509538","2025-09-15","21.09","","","","","","","",""
"252509540","2025-09-23","22.48","","","","","","","",""
"252509543","2025-09-16","26.12","","","","","","","",""
"252509556","2025-09-17","24.06","","","","","","","",""
"252509557","2025-09-19","21.02","","","","","","","",""
"252509558","2025-09-20","","","","","","","","",""
"252509582","2025-09-18","","19.67","","","","","","",""
"252509583","2025-09-19","17.34","","","","","","","",""
"252509584","2025-09-19","","","","","","","","",""
"252509585","2025-09-18","24.05","","","","","","","",""
"252509603","2025-09-19","","22.75","","","","","","",""
"252509608","2025-09-17","23.30","","","","","","","",""
"252509625","2025-09-25","15.02","","","","","","","",""
"252509626","2025-09-17","21.27","","","","","","","",""
"252509627","2025-09-12","","","","","","","","",""
"252509650","2025-09-22","","17.74","","","","","","",""
"252509660","2025-09-22","","","","","","","","",""
"252509661","2025-09-25","10.97","","","","","","","",""
"252509680","2025-09-25","","18.55","","","","","","",""
"252509681","2025-09-19","","12.68","","","","","","",""
"252509889","2025-10-03","","","","","","","","",""
"252509890","2025-10-02","","","","","","","","",""
"25251","2025-09-05","","","","","","","","",""
"252510087","2025-10-13","25.32","","","","","","","",""
"252510116","2025-10-13","23.39","","","","","","","",""
"252510117","2025-10-15","","","","","","","","",""
"252510118","2025-10-15","16.28","","","","","","","",""
"252510130","2025-10-13","","13.27","","","","","","",""
"252510131","2025-10-15","19.96","","","","","","","",""
"252510133","2025-10-14","16.53","","","","","","","",""
"252510146","2025-10-15","15.84","","","","","","","",""
"252510157","2025-10-15","22.32","","","","","","","",""
"252510158","2025-10-15","16.79","","","","","","","",""
"252510159","2025-10-17","","20.37","","","","","","",""
"252510169","2025-10-17","","","","","","","","",""
"252510171","2025-10-17","16.99","","","","","","","",""
"252510175","2025-10-16","","21.97","","","","","","",""
"252510190","2025-10-19","","17.88","","","","","","",""
"252510191","2025-10-16","","14.91","","","","","","",""
"252510201","2025-10-17","22.81","","","","","","","",""
"252510202","2025-10-17","19.63","","","","","","","",""
"252510217","2025-10-16","","25.72","","","","","","",""
"252510218","2025-10-16","19.7","","","","","","","",""
"252510231","2025-10-16","","20.68","","","","","","",""
"252510232","2025-10-15","15.87","","","","","","","",""
"252510233","2025-10-16","16.6","","","","","","","",""
"252510252","2025-10-19","","","","","","","","",""
"252510253","2025-10-21","","19.11","","","","","","",""
"252510254","2025-10-20","","15.82","","","","","","",""
"252510255","2025-10-21","","14.68","","","","","","",""
"252510256","2025-10-20","","","","","","","","",""
"252510257","2025-10-20","","21.5","","","","","","",""
"252510258","2025-10-20","24.55","","","","","","","",""
"252510259","2025-10-20","21.46","","","","","","","",""
"252510260","2025-10-20","20.83","","","","","","","",""
"252510261","2025-10-19","","22.79","","","","","","",""
"252510262","2025-10-20","","25.77","","","","","","",""
"252510263","2025-10-16","25.61","","","","","","","",""
"252510274","2025-10-21","","23.53","","","","","","",""
"252510275","2025-10-22","","14.09","","","","","","",""
"252510276","2025-10-22","","15.44","","","","","","",""
"252510278","2025-10-22","","21.83","","","","","","",""
"252510290","2025-10-21","","15.96","","","","","","",""
"252510297","2025-10-22","","18.66","","","","","","",""
"252510298","2025-10-21","","","","","","","","",""
"252510299","2025-10-15","","","","","","","","",""
"252510308","2025-10-21","20.11","","","","","","","",""
"252510310","2025-10-20","22.7","","","","","","","",""
"252510311","2025-10-20","23.5","","","","","","","",""
"252510314","2025-10-16","","","","","","","","",""
"252510315","2025-10-18","21.07","","","","","","","",""
"252510316","2025-10-21","23.39","","","","","","","",""
"252510321","2025-10-22","","11.34","","","","","","",""
"252510322","2025-10-19","23.69","","","","","","","",""
"252510323","2025-10-22","24.24","","","","","","","",""
"252510325","2025-10-24","18.43","","","","","","","",""
"252510326","2025-10-24","","20.61","","","","","","",""
"252510342","2025-10-22","","17.64","","","","","","",""
"252510345","2025-10-22","","21.82","","","","","","",""
"252510347","2025-10-22","","25.89","","","","","","",""
"252510378","2025-10-26","","14.76","","","","","","",""
"252510379","2025-10-23","15.63","","","","","","","",""
"252510380","2025-10-20","","18.94","","","","","","",""
"252510381","2025-10-25","","13.44","","","","","","",""
"252510382","2025-10-21","","19.91","","","","","","",""
"252510386","2025-10-21","15.86","","","","","","","",""
"252510387","2025-10-21","","","","","","","","",""
"252510388","2025-10-24","20.03","","","","","","","",""
"252510389","2025-10-23","","","","","","","","",""
"252510390","2025-10-22","24.31","","","","","","","",""
"252510391","2025-10-22","","","","","","","","",""
"252510392","2025-10-23","15.21","","","","","","","",""
"252510393","2025-10-24","18.12","","","","","","","",""
"252510394","2025-10-23","17.65","","","","","","","",""
"252510395","2025-10-22","","16.3","","","","","","",""
"252510398","2025-10-22","","20.2","","","","","","",""
"252510399","2025-10-20","","12.29","","","","","","",""
"252510400","2025-10-24","","14.06","","","","","","",""
"252510401","2025-10-24","","16.74","","","","","","",""
"252510402","2025-10-23","","","","","","","","",""
"252510403","2025-10-24","","17.17","","","","","","",""
"252510404","2025-10-22","","23.23","","","","","","",""
"252510405","2025-10-24","","19.79","","","","","","",""
"252510406","2025-10-23","","15.3","","","","","","",""
"252510407","2025-10-23","","15.16","","","","","","",""
"252510410","2025-10-20","","","","","","","","",""
"252510414","2025-10-27","","17.35","","","","","","",""
"252510418","2025-10-23","","13.18","","","","","","",""
"252510419","2025-10-27","","20.01","","","","","","",""
"252510454","2025-10-17","","16.31","","","","","","",""
"252510455","2025-10-17","","18.87","","","","","","",""
"252510457","2025-10-24","19.04","","","","","","","",""
"252510459","2025-10-15","20.03","","","","","","","",""
"252510512","2025-10-27","","19.24","","","","","","",""
"252510515","2025-10-25","","13.53","","","","","","",""
"252510516","2025-10-27","","16.28","","","","","","",""
"252510517","2025-10-27","","21.83","","","","","","",""
"252510518","2025-10-27","21.55","","","","","","","",""
"252510519","2025-10-27","17.03","","","","","","","",""
"252510521","2025-10-27","","24.22","","","","","","",""
"252510534","2025-10-26","","23.15","","","","","","",""
"252510562","2025-10-31","22.70","","","","","","","",""
"252510591","2025-10-29","24.70","","","","","","","",""
"252510593","2025-10-29","","18.41","","","","","","",""
"252510598","2025-10-29","","","","","","","","",""
"252510601","2025-10-31","","16.37","","","","","","",""
"252510603","2025-10-31","","18.39","","","","","","",""
"252510619","2025-11-02","22.33","","","","","","","",""
"252510636","2025-10-31","23.08","","","","","","","",""
"252510644","2025-10-31","23.79","","","","","","","",""
"252510645","2025-10-31","22.01","","","","","","","",""
"252510646","2025-10-31","21.28","","","","","","","",""
"252510680","2025-11-03","15.37","","","","","","","",""
"252510682","2025-11-02","","15.02","","","","","","",""
"252510684","2025-11-01","","","","","","","","",""
"252510697","2025-11-03","","17.83","","","","","","",""
"252510729","2025-11-02","","17.08","","","","","","",""
"252510730","2025-11-02","","17.26","","","","","","",""
"252510732","2025-11-01","22.58","","","","","","","",""
"252510733","2025-11-01","20.27","","","","","","","",""
"252510734","2025-11-03","24.30","","","","","","","",""
"252510735","2025-11-03","20.19","","","","","","","",""
"252510736","2025-11-03","","","","","","","","",""
"252510737","2025-11-03","23.64","","","","","","","",""
"252510738","2025-11-03","16.50","","","","","","","",""
"252510759","2025-11-04","","16.09","","","","","","",""
"252510760","2025-11-03","","16.12","","","","","","",""
"252510774","2025-11-05","","21.46","","","","","","",""
"252510776","2025-11-03","24.19","","","","","","","",""
"252510777","2025-11-03","","","","","","","","",""
"252510783","2025-11-04","","17.81","","","","","","",""
"252510786","2025-11-03","21.13","","","","","","","",""
"252510788","2025-11-04","","19.94","","","","","","",""
"252510796","2025-11-04","26.83","","","","","","","",""
"252510798","2025-11-02","","19.33","","","","","","",""
"252510800","2025-11-04","","","","","","","","",""
"252510804","2025-11-05","","19.40","","","","","","",""
"252510805","2025-11-05","","13.12","","","","","","",""
"252510807","2025-11-07","","","","","","","","",""
"252510809","2025-11-03","","","","","","","","",""
"252510810","2025-11-03","","","","","","","","",""
"252510821","2025-11-03","","15.30","","","","","","",""
"252510822","2025-11-03","19.38","","","","","","","",""
"252510825","2025-11-03","20.54","","","","","","","",""
"252510828","2025-11-07","","11.60","","","","","","",""
"252510831","2025-11-04","","18.35","","","","","","",""
"252510837","2025-11-07","","21.02","","","","","","",""
"252510838","2025-11-05","","19.97","","","","","","",""
"252510839","2025-11-07","","14.47","","","","","","",""
"252510845","2025-11-05","","14.53","","","","","","",""
"252510846","2025-11-04","","18.92","","","","","","",""
"252510847","2025-11-05","","19.49","","","","","","",""
"252510849","2025-11-05","","15.05","","","","","","",""
"252510851","2025-11-04","","20.36","","","","","","",""
"252510852","2025-11-06","","","","","","","","",""
"252510855","2025-11-05","20.39","","","","","","","",""
"252510856","2025-11-05","20.67","","","","","","","",""
"252510859","2025-11-05","19.87","","","","","","","",""
"252510862","2025-11-04","","17.86","","","","","","",""
"252510864","2025-11-06","20.66","","","","","","","",""
"252510865","2025-11-06","","21.00","","","","","","",""
"252510870","2025-11-05","","18.89","","","","","","",""
"252510873","2025-11-06","20.66","","","","","","","",""
"252510874","2025-11-07","","14.51","","","","","","",""
"252510875","2025-11-07","24.63","","","","","","","",""
"252510876","2025-11-08","","21.33","","","","","","",""
"252510877","2025-11-07","","20.75","","","","","","",""
"252510908","2025-11-08","26.03","","","","","","","",""
"252510909","2025-11-09","25.06","","","","","","","",""
"252510919","2025-11-05","","11.66","","","","","","",""
"252510923","2025-11-07","","16.69","","","","","","",""
"252510924","2025-11-03","","19.78","","","","","","",""
"252510945","2025-11-06","24.67","","","","","","","",""
"252510946","2025-11-05","20.62","","","","","","","",""
"252510947","2025-11-06","","","","","","","","",""
"252510953","2025-11-05","25.51","","","","","","","",""
"252510958","2025-11-03","17.58","","","","","","","",""
"252510959","2025-11-03","17.02","","","","","","","",""
"252510974","2025-11-07","","15.85","","","","","","",""
"252510975","2025-11-10","","21.89","","","","","","",""
"252510987","2025-11-11","","13.88","","","","","","",""
"252510988","2025-11-12","","13.78","","","","","","",""
"252510991","2025-11-01","21.51","","","","","","","",""
"252511001","2025-11-07","","16.85","","","","","","",""
"252511002","2025-11-10","16.65","","","","","","","",""
"252511003","2025-11-11","","10.65","","","","","","",""
"252511016","2025-11-10","17.84","","","","","","","",""
"252511018","2025-11-11","20.30","","","","","","","",""
"252511019","2025-11-10","22.41","","","","","","","",""
"252511027","2025-11-11","","14.02","","","","","","",""
"252511029","2025-11-07","19.69","","","","","","","",""
"252511030","2025-11-11","","20.68","","","","","","",""
"252511032","2025-11-08","21.12","","","","","","","",""
"252511042","2025-11-13","","","","","","","","",""
"252511043","2025-11-12","21.23","","","","","","","",""
"252511044","2025-11-12","","","","","","","","",""
"252511051","2025-11-10","","17.46","","","","","","",""
"252511059","2025-11-10","24.28","","","","","","","",""
"252511096","2025-11-11","20.93","","","","","","","",""
"252511099","2025-11-11","","19.52","","","","","","",""
"252511103","2025-11-13","","10.84","","","","","","",""
"252511105","2025-11-14","","26.40","","","","","","",""
"252511123","2025-11-14","","18.03","","","","","","",""
"252511129","2025-11-14","22.48","","","","","","","",""
"252511130","2025-11-14","","17.48","","","","","","",""
"252511147","2025-11-13","23.86","","","","","","","",""
"252511148","2025-11-08","17.54","","","","","","","",""
"252511150","2025-11-14","25.42","","","","","","","",""
"252511151","2025-11-14","22.85","","","","","","","",""
"252511156","2025-11-14","15.02","","","","","","","",""
"252511158","2025-11-14","22.91","","","","","","","",""
"252511159","2025-11-14","20.82","","","","","","","",""
"252511161","2025-11-12","24.65","","","","","","","",""
"252511164","2025-11-12","","17.14","","","","","","",""
"252511165","2025-11-15","","22.48","","","","","","",""
"252511170","2025-11-14","14.51","","","","","","","",""
"252511171","2025-11-16","","24.95","","","","","","",""
"252511173","2025-11-14","","","","","","","","",""
"252511179","2025-11-17","","25.72","","","","","","",""
"252511186","2025-11-13","","18.88","","","","","","",""
"252511188","2025-11-17","24.18","","","","","","","",""
"252511191","2025-11-13","","12.49","","","","","","",""
"252511202","2025-11-18","20.02","","","","","","","",""
"252511203","2025-11-18","24.32","","","","","","","",""
"252511204","2025-11-18","23.28","","","","","","","",""
"252511205","2025-11-18","23.61","","","","","","","",""
"252511215","2025-11-18","","17.40","","","","","","",""
"252511219","2025-11-14","","22.22","","","","","","",""
"252511220","2025-11-14","","18.10","","","","","","",""
"252511232","2025-11-16","","23.69","","","","","","",""
"252511233","2025-11-18","","","","","","","","",""
"252511234","2025-11-14","22.80","","","","","","","",""
"252511237","2025-11-15","","18.37","","","","","","",""
"252511255","2025-11-17","17.96","","","","","","","",""
"252511256","2025-11-17","18.39","","","","","","","",""
"252511257","2025-11-17","","16.32","","","","","","",""
"252511261","2025-11-17","25.04","","","","","","","",""
"252511262","2025-11-17","24.77","","","","","","","",""
"252511263","2025-11-23","26.15","","","","","","","",""
"252511264","2025-11-20","","","","","","","","",""
"252511273","2025-11-20","","13.59","","","","","","",""
"252511275","2025-11-19","","","","","","","","",""
"252511278","2025-11-19","","23.41","","","","","","",""
"252511281","2025-11-20","","","","","","","","",""
"252511285","2025-11-20","","21.60","","","","","","",""
"252511286","2025-11-19","","25.69","","","","","","",""
"252511291","2025-11-20","","22.08","","","","","","",""
"252511292","2025-11-19","","14.13","","","","","","",""
"252511293","2025-11-20","","24.18","","","","","","",""
"252511294","2025-11-20","","22.71","","","","","","",""
"252511296","2025-11-19","","19.31","","","","","","",""
"252511297","2025-11-20","","","","","","","","",""
"252511298","2025-11-17","","20.88","","","","","","",""
"252511299","2025-11-18","","13.27","","","","","","",""
"252511300","2025-11-19","","16.18","","","","","","",""
"252511302","2025-11-20","","25.62","","","","","","",""
"252511304","2025-11-22","","23.80","","","","","","",""
"252511305","2025-11-20","","","","","","","","",""
"252511306","2025-11-22","","15.37","","","","","","",""
"252511309","2025-11-23","","","","","","","","",""
"252511310","2025-11-20","","20.93","","","","","","",""
"252511311","2025-11-23","","17.31","","","","","","",""
"252511312","2025-11-20","","18.20","","","","","","",""
"252511317","2025-11-20","","23.22","","","","","","",""
"252511318","2025-11-20","","22.16","","","","","","",""
"252511320","2025-11-22","","11.44","","","","","","",""
"252511350","2025-11-20","","14.82","","","","","","",""
"252511352","2025-11-23","","22.28","","","","","","",""
"252511357","2025-11-21","","13.62","","","","","","",""
"252511358","2025-11-21","20.43","","","","","","","",""
"252511373","2025-11-20","","12.71","","","","","","",""
"252511374","2025-11-20","","21.77","","","","","","",""
"252511380","2025-11-24","","15.55","","","","","","",""
"252511383","2025-11-25","","14.50","","","","","","",""
"252511384","2025-11-21","","16.86","","","","","","",""
"252511386","2025-11-24","","15.93","","","","","","",""
"252511388","2025-11-22","","15.01","","","","","","",""
"252511389","2025-11-24","14.49","","","","","","","",""
"252511390","2025-11-22","","15.92","","","","","","",""
"252511392","2025-11-26","","13.65","","","","","","",""
"252511393","2025-11-24","","21.80","","","","","","",""
"252511394","2025-11-24","18.83","","","","","","","",""
"252511395","2025-11-20","22.42","","","","","","","",""
"252511408","2025-11-24","28.06","","","","","","","",""
"252511409","2025-11-24","18.54","","","","","","","",""
"252511410","2025-11-24","","19.03","","","","","","",""
"252511412","2025-11-25","","20.88","","","","","","",""
"252511413","2025-11-24","","","","","","","","",""
"252511414","2025-11-24","","12.05","","","","","","",""
"252511416","2025-11-24","","23.18","","","","","","",""
"252511417","2025-11-24","","18.55","","","","","","",""
"252511418","2025-11-24","","20.42","","","","","","",""
"252511434","2025-11-24","","16.62","","","","","","",""
"252511435","2025-11-24","","12.67","","","","","","",""
"252511436","2025-11-25","","14.89","","","","","","",""
"252511448","2025-11-21","","16.01","","","","","","",""
"252511449","2025-11-21","","21.65","","","","","","",""
"252511451","2025-11-21","","13.87","","","","","","",""
"252511452","2025-11-23","","17.66","","","","","","",""
"252511453","2025-11-24","","16.91","","","","","","",""
"252511460","2025-11-24","","26.65","","","","","","",""
"252511462","2025-11-24","10.83","","","","","","","",""
"252511464","2025-11-24","21.04","","","","","","","",""
"252511466","2025-11-24","","16.78","","","","","","",""
"252511473","2025-11-24","","14.91","","","","","","",""
"252511489","2025-11-25","","12.76","","","","","","",""
"252511490","2025-11-26","","16.91","","","","","","",""
"252511492","2025-11-26","17.48","","","","","","","",""
"252511495","2025-11-22","","15.96","","","","","","",""
"252511496","2025-11-24","","19.01","","","","","","",""
"252511497","2025-11-24","","15.01","","","","","","",""
"252511498","2025-11-21","24.01","","","","","","","",""
"252511499","2025-11-24","","19.54","","","","","","",""
"252511500","2025-11-24","","13.86","","","","","","",""
"252511502","2025-11-20","16.75","","","","","","","",""
"252511507","2025-11-20","","","","","","","","",""
"252511511","2025-11-24","16.94","","","","","","","",""
"252511526","2025-11-28","14.94","","","","","","","",""
"252511527","2025-11-27","","12.97","","","","","","",""
"252511528","2025-11-27","","12.97","","","","","","",""
"252511529","2025-11-27","","15.58","","","","","","",""
"252511531","2025-11-26","","19.98","","","","","","",""
"252511532","2025-11-25","","13.64","","","","","","",""
"252511534","2025-11-26","","15.82","","","","","","",""
"252511535","2025-11-26","","22.48","","","","","","",""
"252511536","2025-11-25","","22.65","","","","","","",""
"252511538","2025-11-26","","22.89","","","","","","",""
"252511539","2025-11-26","21.54","","","","","","","",""
"252511540","2025-11-26","","17.87","","","","","","",""
"252511542","2025-11-26","","15.77","","","","","","",""
"252511575","2025-11-28","20.22","","","","","","","",""
"252511576","2025-11-29","","20.84","","","","","","",""
"252511578","2025-11-29","","21.78","","","","","","",""
"252511580","2025-11-30","","22.16","","","","","","",""
"252511595","2025-11-28","","21.58","","","","","","",""
"252511596","2025-11-27","","19.09","","","","","","",""
"252511599","2025-11-25","","13.03","","","","","","",""
"252511601","2025-11-27","","14.62","","","","","","",""
"252511664","2025-12-02","23.58","","","","","","","",""
"252511698","2025-12-01","20.24","","","","","","","",""
"252511860","2025-12-02","","17.77","","","","","","",""
"252511956","2025-12-04","24.56","","","","","","","",""
"252511972","2025-12-05","","17.68","","","","","","",""
"252511983","2025-12-05","20.04","","","","","","","",""
"252511994","2025-12-05","","17.03","","","","","","",""
"252512077","2025-12-04","","15.17","","","","","","",""
"252512078","2025-12-04","","22.41","","","","","","",""
"252512181","2025-12-01","17.08","","","","","","","",""
"252512290","2025-12-12","","16.29","","","","","","",""
"252512291","2025-12-12","","17.40","","","","","","",""
"252512292","2025-12-12","25.44","","","","","","","",""
"252512298","2025-12-12","","","","","","","","",""
"252512308","2025-12-12","","14.55","","","","","","",""
"252512442","2025-12-12","18.23","","","","","","","",""
"252512455","2025-12-07","","","","","","","","",""
"252512492","2025-12-15","","19.02","","","","","","",""
"252512494","2025-12-12","","15.89","","","","","","",""
"252512497","2025-12-15","","26.13","","","","","","",""
"252512499","2025-12-15","","","","","","","","",""
"252512501","2025-12-15","","17.15","","","","","","",""
"252512502","2025-12-16","","14.83","","","","","","",""
"252512503","2025-12-15","25.77","","","","","","","",""
"252512504","2025-12-15","","18.98","","","","","","",""
"252512505","2025-12-16","","17.77","","","","","","",""
"252512507","2025-12-15","","17.86","","","","","","",""
"252512508","2025-12-12","","19.97","","","","","","",""
"252512509","2025-12-15","","18.21","","","","","","",""
"252512512","2025-12-15","","19.04","","","","","","",""
"252512514","2025-12-15","","","","","","","","",""
"252512515","2025-12-15","","18.10","","","","","","",""
"252512516","2025-12-16","","18.25","","","","","","",""
"252512557","2025-12-15","","","","","","","","",""
"252512575","2025-12-01","","13.11","","","","","","",""
"252512577","2025-12-01","","17.69","","","","","","",""
"252512619","2025-12-09","","","","17.57","","","","",""
"252512629","2025-12-18","","","","","","","","",""
"252512634","2025-12-17","","22.02","","","","","","",""
"252512639","2025-12-15","","","","","","","","",""
"252512661","2025-12-12","","","","21.32","","","","",""
"252512739","2025-12-13","","24.72","","","","","","",""
"252512750","2025-12-22","","","","","","","","",""
"252512752","2025-12-15","","16.98","","","","","","",""
"252512756","2025-12-16","","19.95","","","","","","",""
"252512758","2025-12-16","","15.83","","","","","","",""
"252512759","2025-12-16","","23.00","","","","","","",""
"252512760","2025-12-16","22.69","","","","","","","",""
"252512762","2025-12-16","","17.76","","","","","","",""
"252512763","2025-12-17","","19.13","","","","","","",""
"252512765","2025-12-17","","21.98","","","","","","",""
"252512767","2025-12-22","","23.55","","","","","","",""
"252512768","2025-12-17","","","","","","","","",""
"252512769","2025-12-17","","","","","","","","",""
"252512770","2025-12-17","","25.71","","","","","","",""
"252512772","2025-12-17","","14.89","","","","","","",""
"252512773","2025-12-17","","14.68","","","","","","",""
"252512775","2025-12-17","","22.76","","","","","","",""
"252512779","2025-12-18","","17.49","","","","","","",""
"252512780","2025-12-18","","20.81","","","","","","",""
"252512784","2025-12-16","","15.95","","","","","","",""
"252512785","2025-12-18","","23.48","","","","","","",""
"252512788","2025-12-19","","24.34","","","","","","",""
"252512789","2025-12-19","","22.94","","","","","","",""
"252512790","2025-12-19","","18.73","","","","","","",""
"252512791","2025-12-19","","22.03","","","","","","",""
"252512792","2025-12-19","","18.90","","","","","","",""
"252512793","2025-12-19","21.38","","","","","","","",""
"252512795","2025-12-22","","20.79","","","","","","",""
"252512974","2025-12-29","","","","14.35","","","","",""
"252513045","2025-12-28","","16.11","","","","","","",""
"252513164","2025-12-29","","16.44","","","","","","",""
"252513166","2025-12-29","","21.24","","","","","","",""
"252513169","2025-12-30","","17.01","","","","","","",""
"252513170","2025-12-29","","25.76","","","","","","",""
"252513172","2025-12-29","","18.98","","","","","","",""
"252513173","2025-12-22","","14.52","","","","","","",""
"252513175","2025-12-29","","19.89","","","","","","",""
"252513181","2025-12-29","","22.44","","","","","","",""
"252513222","2025-12-29","","19.22","","","","","","",""
"252513224","2025-12-29","","23.14","","","","","","",""
"252513228","2025-12-23","","20.00","","","","","","",""
"252513231","2025-12-29","","24.40","","","","","","",""
"252513233","2025-12-22","18.06","","","","","","","",""
"252513234","2025-12-23","","19.23","","","","","","",""
"252513236","2025-12-22","","17.95","","","","","","",""
"252513239","2025-12-31","","18.85","","","","","","",""
"252513247","2025-12-29","","14.00","","","","","","",""
"252600023","2026-01-02","","18.56","","","","","","",""
"252600035","2026-01-02","","","","","","","","",""
"252600057","2026-01-06","","","","","","","","",""
"252600075","2026-01-05","20.47","","","","","","","",""
"252600076","2026-01-05","","","","","","","","",""
"252600078","2026-01-05","","23.34","","","","","","",""
"252600083","2026-01-06","","18.64","","","","","","",""
"252600084","2026-01-06","","15.80","","","","","","",""
"252600086","2026-01-02","","","","","","","","",""
"252600087","2026-01-05","","22.45","","","","","","",""
"252600106","2026-01-09","","14.65","","","","","","",""
"252600167","2026-01-06","","","","15.76","","","","",""
"252600168","2026-01-06","","","","13.82","","","","",""
"252600175","2026-01-14","","24.73","","","","","","",""
"252600176","2026-01-14","","22.62","","","","","","",""
"252600199","2026-01-06","","","","","","","","",""
"252600204","2026-01-06","","","","","","","","",""
"252600217","2026-01-07","","","","","","","","",""
"252600218","2026-01-08","","","","","","","","",""
"252600231","2026-01-09","24.63","","","","","","","",""
"252600233","2026-01-06","","19.29","","","","","","",""
"252600234","2026-01-10","","16.30","","","","","","",""
"252600236","2026-01-07","","","","","","","","",""
"252600237","2026-01-10","","15.17","","","","","","",""
"252600238","2026-01-11","","17.26","","","","","","",""
"252600239","2026-01-11","","16.60","","","","","","",""
"252600244","2026-01-08","","","","","","","","",""
"252600246","2026-01-08","","18.29","","","","","","",""
"252600247","2026-01-07","","","","","","","","",""
"252600248","2026-01-08","18.19","","","","","","","",""
"252600249","2026-01-08","21.22","","","","","","","",""
"252600252","2026-01-08","","14.46","","","","","","",""
"252600254","2026-01-08","","","","","","","","",""
"252600255","2026-01-08","24.11","","","","","","","",""
"252600268","2026-01-08","18.77","","","","","","","",""
"252600269","2026-01-08","","20.11","","","","","","",""
"252600272","2026-01-08","16.21","","","","","","","",""
"252600276","2026-01-08","","22.07","","","","","","",""
"252600278","2026-01-08","","24.41","","","","","","",""
"252600280","2026-01-08","","23.40","","","","","","",""
"252600282","2026-01-08","","20.37","","","","","","",""
"252600283","2026-01-08","19.58","","","","","","","",""
"252600284","2026-01-08","21.45","","","","","","","",""
"252600286","2026-01-08","23.44","","","","","","","",""
"252600289","2026-01-08","14.15","","","","","","","",""
"252600306","2026-01-10","","21.03","","","","","","",""
"252600308","2026-01-09","19.85","","","","","","","",""
"252600347","2026-01-07","23.09","","","","","","","",""
"252600349","2026-01-08","","14.97","","","","","","",""
"252600364","2026-01-13","","14.45","","","","","","",""
"252600365","2026-01-10","22.35","","","","","","","",""
"252600366","2026-01-08","","22.39","","","","","","",""
"252600373","2026-01-10","","","","","","","","",""
"252600383","2026-01-13","","","","17.62","","","","",""
"252600384","2026-01-13","","","","","","","","",""
"252600391","2026-01-12","","10.02","","","","","","",""
"252600393","2026-01-09","20.63","","","","","","","",""
"252600394","2026-01-14","","","","21.58","","","","",""
"252600397","2026-01-13","","15.86","","","","","","",""
"252600398","2026-01-11","","17.30","","","","","","",""
"252600399","2026-01-11","","","","","","","","",""
"252600403","2026-01-09","","","","","","","","",""
"252600404","2026-01-12","","21.65","","","","","","",""
"2526004057","2026-02-21","","","","24.40","","","","",""
"2526004058","2026-02-20","","22.48","","","","","","",""
"252600409","2026-01-12","","22.41","","","","","","",""
"252600416","2026-01-17","","20.60","","","","","","",""
"252600417","2026-01-15","","","","","","","","",""
"2526004201","2026-02-23","22.64","","","","","","","",""
"2526004213","2026-02-23","","","","17.35","","","","",""
"252600430","2026-01-15","","","","","","","","",""
"2526004332","2026-02-25","","","","23.40","","","","",""
"2526004333","2026-02-24","","","","","","","","",""
"2526004338","2026-02-23","","","","16.19","","","","",""
"2526004339","2026-02-24","","","","20.06","","","","",""
"2526004396","2026-02-25","","","","18.63","","","","",""
"2526004397","2026-02-25","","","","2.,46","","","","",""
"2526004398","2026-02-26","","","","17.15","","","","",""
"2526004429","2026-02-26","15.52","","","","","","","",""
"252600447","2026-01-13","20.07","","","","","","","",""
"252600448","2026-01-12","20.17","","","","","","","",""
"252600449","2026-01-11","","12.25","","","","","","",""
"252600450","2026-01-08","","","","","","","","",""
"252600451","2026-01-12","","12.94","","","","","","",""
"252600452","2026-01-11","","11.77","","","","","","",""
"252600457","2026-01-11","20.06","","","","","","","",""
"252600458","2026-01-10","","12.07","","","","","","",""
"2526004582","2026-02-27","","","","23.95","","","","",""
"2526004585","2026-02-27","","14.35","","","","","","",""
"252600459","2026-01-11","","","","","","","","",""
"252600460","2026-01-11","","17.13","","","","","","",""
"252600461","2026-01-13","","","","","","","","",""
"2526004646","2026-02-23","","","","22.15","","","","",""
"2526004649","2026-02-27","","","","19.69","","","","",""
"2526004656","2026-02-25","","","","22.57","","","","",""
"2526004707","2026-03-02","","","","17.17","","","","",""
"252600476","2026-01-17","","18.07","","","","","","",""
"252600477","2026-01-17","","","","","","","","",""
"252600478","2026-01-17","","21.82","","","","","","",""
"252600479","2026-01-16","","14.91","","","","","","",""
"252600482","2026-01-19","","19.06","","","","","","",""
"252600485","2026-01-14","","21.94","","","","","","",""
"252600487","2026-01-14","","","","","","","","",""
"252600488","2026-01-12","19.82","","","","","","","",""
"252600489","2026-01-16","","17.10","","","","","","",""
"252600490","2026-01-19","","20.16","","","","","","",""
"252600491","2026-01-16","","15.19","","","","","","",""
"2526004910","2026-03-03","","","","17.89","","","","",""
"2526004919","2026-03-04","22.41","","","","","","","",""
"2526004933","2026-03-04","","","","17.81","","","","",""
"2526004937","2026-03-04","19.49","","","","","","","",""
"252600494","2026-01-12","","21.14","","","","","","",""
"2526004940","2026-03-04","","17.73","","","","","","",""
"252600495","2026-01-09","","16.67","","","","","","",""
"252600496","2026-01-14","","19.78","","","","","","",""
"2526004963","2026-02-27","15.15","","","","","","","",""
"2526004993","2026-03-04","22.05","","","","","","","",""
"2526005006","2026-03-04","","17.88","","","","","","",""
"2526005007","2026-03-05","15.11","","","","","","","",""
"2526005009","2026-03-05","","21,82","","","","","","",""
"2526005012","2026-03-05","","21.33","","","","","","",""
"2526005013","2026-03-04","","18.76","","","","","","",""
"2526005014","2026-03-04","22.45","","","","","","","",""
"2526005015","2026-03-05","17.02","","","","","","","",""
"2526005016","2026-03-05","15.17","","","","","","","",""
"2526005017","2026-03-05","22.00","","","","","","","",""
"252600503","2026-01-14","21.65","","","","","","","",""
"252600505","2026-01-15","18.99","","","","","","","",""
"252600506","2026-01-12","","25.02","","","","","","",""
"2526005131","2026-03-04","","","","24.49","","","","",""
"2526005132","2026-03-05","","","","17.10","","","","",""
"252600515","2026-01-16","","","","23.84","","","","",""
"2526005179","2026-03-05","19.56","","","","","","","",""
"2526005196","2026-03-06","","17.13","","","","","","",""
"2526005198","2026-03-05","19.73","","","","","","","",""
"2526005201","2026-03-05","23.57","","","","","","","",""
"2526005203","2026-03-06","20.75","","","","","","","",""
"2526005204","2026-03-06","","19.28","","","","","","",""
"2526005205","2026-03-06","23.58","","","","","","","",""
"2526005206","2026-03-05","","13.18","","","","","","",""
"2526005209","2026-03-06","","14.06","","","","","","",""
"2526005210","2026-03-05","18.27","","","","","","","",""
"2526005211","2026-03-05","","15.17","","","","","","",""
"2526005212","2026-03-06","22.93","","","","","","","",""
"2526005213","2026-03-05","19.72","","","","","","","",""
"2526005215","2026-03-04","23.27","","","","","","","",""
"2526005216","2026-03-06","22.33","","","","","","","",""
"2526005219","2026-03-05","","","","17.96","","","","",""
"2526005230","2026-03-07","","","","","","","","",""
"2526005251","2026-03-04","","18,84","","","","","","",""
"2526005253","2026-03-07","23.32","","","","","","","",""
"2526005254","2026-03-05","","17.32","","","","","","",""
"2526005256","2026-03-06","","","","","","","","",""
"2526005257","2026-03-03","","15.88","","","","","","",""
"2526005385","2026-03-04","","20,49","","","","","","",""
"2526005391","2026-03-04","20.14","","","","","","","",""
"252600547","2026-01-19","","","","22.44","","","","",""
"2526005470","2026-03-06","22.12","","","","","","","",""
"2526005471","2026-03-09","24.30","","","","","","","",""
"2526005472","2026-03-09","","22.90","","","","","","",""
"2526005474","2026-03-09","","16.55","","","","","","",""
"2526005484","2026-03-08","18.54","","","","","","","",""
"2526005486","2026-03-07","19.86","","","","","","","",""
"2526005509","2026-03-11","","","","18.28","","","","",""
"2526005510","2026-03-09","","20.13","","","","","","",""
"2526005511","2026-03-14","16.28","","","","","","","",""
"2526005518","2026-03-08","","18.27","","","","","","",""
"2526005520","2026-03-09","","16.14","","","","","","",""
"2526005628","2026-03-11","18.02","","","","","","","",""
"2526005666","2026-03-12","25.50","","","","","","","",""
"2526005668","2026-03-11","","22.53","","","","","","",""
"2526005678","2026-03-09","","17.40","","","","","","",""
"2526005679","2026-03-05","","13.72","","","","","","",""
"2526005680","2026-03-10","","15.14","","","","","","",""
"2526005681","2026-03-10","","18.79","","","","","","",""
"2526005702","2026-03-09","15.79","","","","","","","",""
"2526005707","2026-03-10","17.50","","","","","","","",""
"2526005715","2026-03-12","","","","","","","","",""
"2526005717","2026-03-09","16.51","","","","","","","",""
"2526005718","2026-03-12","25.94","","","","","","","",""
"2526005723","2026-03-11","","15.45","","","","","","",""
"2526005761","2026-03-09","20.99","","","","","","","",""
"2526005767","2026-03-06","20.82","","","","","","","",""
"2526005781","2026-03-05","","17.60","","","","","","",""
"2526005786","2026-03-07","","22.06","","","","","","",""
"2526005839","2026-03-10","","","","","","","","",""
"252600663","2026-01-19","21.32","","","","","","","",""
"252600664","2026-01-20","18.59","","","","","","","",""
"252600665","2026-01-21","18.26","","","","","","","",""
"252600666","2026-01-21","","20.32","","","","","","",""
"252600667","2026-01-21","","","","23.69","","","","",""
"252600668","2026-01-21","","","","20.79","","","","",""
"252600740","2026-01-21","","18.04","","","","","","",""
"252600744","2026-01-19","","17.61","","","","","","",""
"252600769","2026-01-19","","18.08","","","","","","",""
"252600773","2026-01-21","","15.60","","","","","","",""
"252600781","2026-01-21","","17.00","","","","","","",""
"252600787","2026-01-20","","","","22.36","","","","",""
"252600788","2026-01-20","","","","","","","","",""
"252600789","2026-01-22","","22.86","","","","","","",""
"252600794","2026-01-23","","17.00","","","","","","",""
"252600797","2026-01-22","","","","24.76","","","","",""
"252600798","2026-01-19","18.38","","","","","","","",""
"252600809","2026-01-19","","","","17.07","","","","",""
"252600830","2026-01-25","","15.62","","","","","","",""
"252600831","2026-01-25","15.04","","","","","","","",""
"252600841","2026-01-27","18.96","","","","","","","",""
"252600865","2026-01-22","","23.90","","","","","","",""
"252600872","2026-01-23","","19.41","","","","","","",""
"252600874","2026-01-23","","24.49","","","","","","",""
"252600881","2026-01-23","14.00","","","","","","","",""
"252600893","2026-01-20","20.42","","","","","","","",""
"252600894","2026-01-19","","","","","","","","",""
"252600899","2026-01-27","18.11","","","","","","","",""
"252600903","2026-01-26","","26.26","","","","","","",""
"252600915","2026-01-20","19.39","","","","","","","",""
"252600916","2026-01-26","","17.53","","","","","","",""
"252600932","2026-01-22","","18.64","","","","","","",""
"252600934","2026-01-20","","19.65","","","","","","",""
"252600941","2026-01-26","","18.82","","","","","","",""
"252600945","2026-01-26","","","","17.98","","","","",""
"252600966","2026-01-19","","21.10","","","","","","",""
"252600967","2026-01-19","","19.96","","","","","","",""
"252600974","2026-01-21","26.00","","","","","","","",""
"252600981","2026-01-19","18.02","","","","","","","",""
"252600992","2026-01-28","","","","24.29","","","","",""
"252601003","2026-01-28","","","","","","","","",""
"252601048","2026-01-29","20.38","","","","","","","",""
"252601059","2026-01-29","21.52","","","","","","","",""
"252601066","2026-01-25","22.13","","","","","","","",""
"252601068","2026-01-29","","20.72","","","","","","",""
"252601113","2026-01-26","","9.34","","","","","","",""
"252601116","2026-01-29","","","","13.61","","","","",""
"252601119","2026-01-25","19.75","","","","","","","",""
"252601142","2026-01-30","","24.40","","","","","","",""
"252601151","2026-01-31","16.57","","","","","","","",""
"252601159","2026-01-29","","14.91","","","","","","",""
"252601178","2026-01-30","22.88","","","","","","","",""
"252601187","2026-01-24","19.93","","","","","","","",""
"252601193","2026-01-20","","","","","","","","",""
"252601194","2026-01-24","20.89","","","","","","","",""
"252601207","2026-02-02","","17.12","","","","","","",""
"252601213","2026-02-02","","15.32","","","","","","",""
"252601243","2026-02-02","","14.05","","","","","","",""
"252601250","2026-01-28","23.60","","","","","","","",""
"252601271","2026-01-30","23.32","","","","","","","",""
"252601282","2026-01-30","","17.96","","","","","","",""
"252601283","2026-02-01","","11.22","","","","","","",""
"252601316","2026-02-04","","17.08","","","","","","",""
"252601326","2026-01-27","23.27","","","","","","","",""
"252601329","2026-01-31","19.89","","","","","","","",""
"252601339","2026-01-30","17.63","","","","","","","",""
"252601340","2026-02-02","","","","15.59","","","","",""
"252601367","2026-02-03","","","","17.70","","","","",""
"252601413","2026-02-04","","","","","","","","",""
"252601451","2026-02-06","23.44","","","","","","","",""
"252601457","2026-02-04","15.10","","","","","","","",""
"252601483","2026-02-04","19.12","","","","","","","",""
"252601487","2026-02-05","","26.90","","","","","","",""
"252601489","2026-02-06","","20.58","","","","","","",""
"252601502","2026-02-06","","20.81","","","","","","",""
"252601503","2026-02-02","20.99","","","","","","","",""
"252601510","2026-02-02","","11.98","","","","","","",""
"252601511","2026-02-04","","15.59","","","","","","",""
"252601512","2026-02-02","","","","19.99","","","","",""
"252601600","2026-02-09","","","","20.76","","","","",""
"252601645","2026-02-13","","16.28","","","","","","",""
"252602130","2026-02-20","","","","","","","","",""
"252603324","2026-03-24","","21.88","","","","","","",""
"252603325","2026-03-23","","22.54","","","","","","",""
"252603326","2026-03-23","","24.58","","","","","","",""
"252603327","2026-03-23","","16.03","","","","","","",""
"252603328","2026-03-23","","21.80","","","","","","",""
"252603347","2026-03-23","","19.12","","","","","","",""
"252603349","2026-03-23","23.67","","","","","","","",""
"252603364","2026-03-23","21.47","","","","","","","",""
"252603381","2026-03-24","18.09","","","","","","","",""
"252603382","2026-03-25","18.40","","","","","","","",""
"252603410","2026-03-25","21.39","","","","","","","",""
"252603411","2026-03-25","","19.00","","","","","","",""
"252603412","2026-03-26","24.84","","","","","","","",""
"252603413","2026-03-26","23.25","","","","","","","",""
"252603416","2026-03-23","","19.91","","","","","","",""
"252603417","2026-03-23","19.67","","","","","","","",""
"252603419","2026-03-23","24.57","","","","","","","",""
"252603422","2026-03-24","18.76","","","","","","","",""
"252603426","2026-03-26","","16.81","","","","","","",""
"252603429","2026-03-25","","21.62","","","","","","",""
"252603431","2026-03-24","23.55","","","","","","","",""
"252603441","2026-03-25","","12.92","","","","","","",""
"252603443","2026-03-27","16.11","","","","","","","",""
"252603444","2026-03-25","26.85","","","","","","","",""
"252603455","2026-03-23","19.20","","","","","","","",""
"252603458","2026-03-29","18.55","","","","","","","",""
"252603465","2026-03-23","17.35","","","","","","","",""
"252603484","2026-03-25","17.08","","","","","","","",""
"252603485","2026-03-25","24.98","","","","","","","",""
"252603490","2026-03-26","18.76","","","","","","","",""
"252603491","2026-03-27","19.97","","","","","","","",""
"252603492","2026-03-27","20.38","","","","","","","",""
"252603493","2026-03-27","23.65","","","","","","","",""
"252603534","2026-04-01","14.67","","","","","","","",""
"252603547","2026-03-25","","","","","","","","",""
"252603550","2026-03-26","24.99","","","","","","","",""
"252603551","2026-03-29","18.05","","","","","","","",""
"252603554","2026-03-31","","17.14","","","","","","",""
"252603555","2026-03-31","","19.26","","","","","","",""
"252603579","2026-03-27","","15.23","","","","","","",""
"252603581","2026-03-30","","17.08","","","","","","",""
"252603582","2026-03-30","","20.71","","","","","","",""
"252603589","2026-03-26","26.34","","","","","","","",""
"252603590","2026-03-30","24.20","","","","","","","",""
"252603592","2026-03-30","17.15","","","","","","","",""
"252603608","2026-03-29","19.88","","","","","","","",""
"252603609","2026-03-29","15.85","","","","","","","",""
"252603611","2026-04-01","17.86","","","","","","","",""
"252603626","2026-03-27","24.77","","","","","","","",""
"252603627","2026-03-24","18.21","","","","","","","",""
"252603628","2026-03-30","11.46","","","","","","","",""
"252603629","2026-03-24","","12.45","","","","","","",""
"252603642","2026-04-05","","","","18.30","","","","",""
"252603646","2026-04-07","","23.59","","","","","","",""
"252603648","2026-04-05","","","","18.16","","","","",""
"252603664","2026-04-06","15.25","","","","","","","",""
"252603665","2026-03-31","17.30","","","","","","","",""
"252603670","2026-03-30","","22.80","","","","","","",""
"252603674","2026-04-08","15.85","","","","","","","",""
"252603699","2026-03-23","","15.99","","","","","","",""
"252603700","2026-03-25","25.88","","","","","","","",""
"252603708","2026-04-10","","","","22.50","","","","",""
"252603709","2026-04-09","24.76","","","","","","","",""
"252603720","2026-04-09","17.29","","","","","","","",""
"252603721","2026-04-05","","17.13","","","","","","",""
"252603722","2026-04-09","","21.26","","","","","","",""
"252603728","2026-04-10","","15.72","","","","","","",""
"252603729","2026-04-07","","","","","","","","",""
"252603748","2026-04-06","","14.70","","","","","","",""
"252603750","2026-04-07","15.94","","","","","","","",""
"252603764","2026-04-10","","16.64","","","","","","",""
"252603766","2026-04-10","","","","21.75","","","","",""
"252603767","2026-04-10","","","","16.53","","","","",""
"252603770","2026-04-10","","","","15.28","","","","",""
"252603782","2026-04-08","16.06","","","","","","","",""
"252603802","2026-04-06","14.79","","","","","","","",""
"252603808","2026-04-13","","","","22.97","","","","",""
"252603809","2026-04-13","","","","22.56","","","","",""
"252603820","2026-03-25","19.05","","","","","","","",""
"252603841","2026-04-07","","","","","","","","",""
"252603851","2026-04-12","","","","","","","","",""
"252603876","2026-04-11","","","","","","","","",""
"252603887","2026-04-15","","","","","","","","",""
"252603915","2026-04-14","","","","","","","","",""
"252613049","2025-12-27","","","","","","","","",""
